Date,Close
2025-01-02,100.00
2025-01-03,99.83
2025-01-06,99.62
2025-01-07,99.51
2025-01-08,100.61
2025-01-09,100.46
2025-01-10,98.26
2025-01-13,98.80
2025-01-14,98.45
2025-01-15,98.18
2025-01-16,98.40
2025-01-17,98.79
2025-01-20,100.56
2025-01-21,101.60
2025-01-22,101.82
2025-01-23,100.75
2025-01-24,99.26
2025-01-27,99.68
2025-01-28,101.69
2025-01-29,101.81
2025-01-30,101.69
2025-01-31,102.56
2025-02-03,100.37
2025-02-04,99.95
2025-02-05,100.74
2025-02-06,102.11
2025-02-07,101.79
2025-02-10,102.41
2025-02-11,102.85
2025-02-12,104.11
2025-02-13,102.42
2025-02-14,103.34
2025-02-17,101.05
2025-02-18,97.13
2025-02-19,96.29
2025-02-20,95.02
2025-02-21,96.31
2025-02-24,97.32
2025-02-25,95.59
2025-02-26,96.85
2025-02-27,95.44
2025-02-28,95.37
2025-03-03,95.00
2025-03-04,95.21
2025-03-05,96.42
2025-03-06,97.39
2025-03-07,97.95
2025-03-10,98.96
2025-03-11,99.72
2025-03-12,98.83
2025-03-13,97.82
2025-03-14,97.18
2025-03-17,97.95
2025-03-18,97.63
2025-03-19,101.10
2025-03-20,99.91
2025-03-21,98.31
2025-03-24,99.50
2025-03-25,101.67
2025-03-26,102.49
